ticket_id,event_name,event_category,event_date,purchase_date,ticket_price_naira,payment_channel,double_charged,refund_status,refund_amount_naira,customer_name,customer_phone,complaint_notes
TCK-0278,Naya B: Live in Lagos,Concert,2026-09-01,2026-08-25,45000,Transfer,No,Not Refunded,0,Adaeze Adeleke,+234 8123094932,
TCK-0259,AmaPiano Beach Festival,Festival,2026-08-29,2026-08-21,25000,Card,No,Not Refunded,0,Kunle Umeh,+234 8059884479,
TCK-0362,Naya B: Live in Lagos,Concert,2026-09-01,2026-08-26,45000,USSD,No,Not Refunded,0,Adaeze Adeleke,+234 8032555431,
TCK-0224,Lagos Laugh Fest,Comedy,2026-08-24,2026-07-31,10000,Card,No,Not Refunded,0,Chinedu Afolabi,+234 9176787613,
TCK-0027,AmaPiano Beach Festival,Festival,2026-08-29,2026-08-04,25000,Card,No,Not Refunded,0,Uzoma Adeleke,+234 8179476293,
TCK-0146,Lagos Laugh Fest,Comedy,2026-08-24,2026-08-03,10000,Transfer,No,Not Refunded,0,Bolaji Adeleke,+234 9062239157,
TCK-0185,AmaPiano Beach Festival,Festival,2026-08-29,2026-08-03,25000,Transfer,No,Refunded,25000,Yetunde Igwe,+234 8082193104,"Ticket did not scan at the gate, had to queue for manual verification"
TCK-0166,Lagos Laugh Fest,Comedy,2026-08-24,2026-08-06,10000,Transfer,Yes,Refunded,10000,Funmilayo Afolabi,+234 9179468746,"Charged twice for the same ticket, requesting refund of the duplicate charge"
TCK-0261,Kelu Ade Unplugged,Concert,2026-08-16,2026-08-15,35000,Card,No,Refunded,35000,Obiora Okonkwo,+234 7047557407,"App crashed during checkout, unsure if payment went through"
TCK-0248,AmaPiano Beach Festival,Festival,2026-08-29,2026-08-13,25000,Transfer,No,Not Refunded,0,Amaka Ibrahim,+234 9154813359,
TCK-0221,AmaPiano Beach Festival,Festival,2026-08-29,2026-08-22,25000,Transfer,No,Not Refunded,0,Ehis Bello,+234 9025700873,
TCK-0287,Lagos Laugh Fest,Comedy,2026-08-24,2026-07-27,10000,Card,No,Not Refunded,0,Amaka Bello,+234 8057877910,
TCK-0155,Naya B: Live in Lagos,Concert,2026-09-01,2026-08-26,45000,Transfer,No,Not Refunded,0,Adaeze Fashola,+234 9032648173,
TCK-0184,Naya B: Live in Lagos,Concert,2026-09-01,2026-08-23,45000,Transfer,No,Refunded,45000,Chinedu Igwe,+234 7092983580,"Wrong seating category printed on ticket, paid for VIP but got Regular"
TCK-0300,Kelu Ade Unplugged,Concert,2026-08-16,2026-07-30,35000,USSD,No,Refunded,35000,Damilola Ogundipe,+234 9094988211,"Refund not received five days after the show, following up"
TCK-0059,Gbedu Comedy Nite,Comedy,2026-08-09,2026-08-01,8000,Transfer,No,Not Refunded,0,Folake Ogundipe,+234 7017299905,
TCK-0231,Naya B: Live in Lagos,Concert,2026-09-01,2026-08-09,45000,Transfer,No,Not Refunded,0,Aisha Adeyemi,+234 9084396090,
TCK-0073,AmaPiano Beach Festival,Festival,2026-08-29,2026-08-26,25000,Transfer,No,Not Refunded,0,Bolaji Adeyemi,+234 9194932017,
TCK-0023,Naya B: Live in Lagos,Concert,2026-09-01,2026-08-16,45000,Transfer,No,Not Refunded,0,Bolaji Bello,+234 8123715389,
TCK-0361,Gbedu Comedy Nite,Comedy,2026-08-09,2026-07-12,8000,Card,No,Not Refunded,0,Ngozi Adeyemi,+234 9145057340,
TCK-0315,AmaPiano Beach Festival,Festival,2026-08-29,2026-08-09,25000,Card,No,Not Refunded,0,Amaka Afolabi,+234 7057327683,
TCK-0058,Naya B: Live in Lagos,Concert,2026-09-01,2026-08-05,45000,USSD,No,Not Refunded,0,Kunle Ogundipe,+234 9151309941,
TCK-0206,AmaPiano Beach Festival,Festival,2026-08-29,2026-07-30,25000,Card,No,Refunded,25000,Ifeanyi Okonkwo,+234 9156735618,"Refund not received five days after the show, following up"
TCK-0226,Naya B: Live in Lagos,Concert,2026-09-01,2026-08-11,45000,Card,No,Refunded,45000,Chinedu Nwosu,+234 9174984383,"Ticket did not scan at the gate, had to queue for manual verification"
TCK-0156,AmaPiano Beach Festival,Festival,2026-08-29,2026-08-20,25000,Card,No,Not Refunded,0,Tunde Umeh,+234 9084515014,
TCK-0109,Naya B: Live in Lagos,Concert,2026-09-01,2026-08-12,45000,Card,No,Not Refunded,0,Tunde Okonkwo,+234 8090010830,
TCK-0500,AmaPiano Beach Festival,Festival,2026-08-29,2026-08-26,25000,Transfer,No,Not Refunded,0,Ifeanyi Umeh,+234 8198952239,
TCK-0199,Lagos Laugh Fest,Comedy,2026-08-24,2026-08-20,10000,Transfer,No,Not Refunded,0,Uzoma Afolabi,+234 8011693465,
TCK-0142,Eko Street Food & Music Fest,Festival,2026-08-20,2026-08-04,12000,Transfer,No,Refunded,12000,Aisha Eze,+234 8193356334,"App crashed during checkout, unsure if payment went through"
TCK-0374,Kelu Ade Unplugged,Concert,2026-08-16,2026-07-18,35000,USSD,No,Not Refunded,0,Bolaji Fashola,+234 9034768920,
TCK-0380,Naya B: Live in Lagos,Concert,2026-09-01,2026-08-09,45000,Transfer,No,Not Refunded,0,Aisha Afolabi,+234 8099402987,
TCK-0015,Eko Street Food & Music Fest,Festival,2026-08-20,2026-07-24,12000,Transfer,No,Not Refunded,0,Adaeze Nnamdi,+234 7061061966,
TCK-0232,Eko Street Food & Music Fest,Festival,2026-08-20,2026-08-02,12000,USSD,No,Refunded,12000,Emeka Okafor,+234 8035493421,"Wrong seating category printed on ticket, paid for VIP but got Regular"
TCK-0294,Naya B: Live in Lagos,Concert,2026-09-01,2026-08-03,45000,Card,No,Not Refunded,0,Segun Adeleke,+234 8199761543,
TCK-0439,Eko Street Food & Music Fest,Festival,2026-08-20,2026-08-10,12000,USSD,No,Refunded,12000,Folake Okafor,+234 8150628851,"Ticket did not scan at the gate, had to queue for manual verification"
TCK-0478,Gbedu Comedy Nite,Comedy,2026-08-09,2026-07-30,8000,Transfer,No,Not Refunded,0,Uzoma Nnamdi,+234 9144505329,
TCK-0291,AmaPiano Beach Festival,Festival,2026-08-29,2026-08-28,25000,Card,No,Not Refunded,0,Ngozi Ibrahim,+234 8090449872,
TCK-0343,Naya B: Live in Lagos,Concert,2026-09-01,2026-08-05,45000,Card,No,Not Refunded,0,Amaka Adeleke,+234 8159381004,
TCK-0283,Naya B: Live in Lagos,Concert,2026-09-01,2026-08-12,45000,USSD,No,Not Refunded,0,Ngozi Chukwu,+234 8111347056,
TCK-0298,Naya B: Live in Lagos,Concert,2026-09-01,2026-08-15,45000,Card,No,Not Refunded,0,Yetunde Adeleke,+234 9099002243,
TCK-0467,Naya B: Live in Lagos,Concert,2026-09-01,2026-08-13,45000,Card,No,Not Refunded,0,Ngozi Umeh,+234 8099335507,
TCK-0491,Naya B: Live in Lagos,Concert,2026-09-01,2026-08-26,45000,Transfer,No,Not Refunded,0,Uzoma Nwosu,+234 8057220036,
TCK-0143,Kelu Ade Unplugged,Concert,2026-08-16,2026-07-19,35000,Card,No,Not Refunded,0,Ifeanyi Okonkwo,+234 8063652943,
TCK-0410,Gbedu Comedy Nite,Comedy,2026-08-09,2026-07-11,8000,Transfer,No,Not Refunded,0,Segun Adeleke,+234 7030241357,
TCK-0183,Naya B: Live in Lagos,Concert,2026-09-01,2026-08-07,45000,USSD,No,Not Refunded,0,Chinedu Fashola,+234 9045052250,
TCK-0485,Kelu Ade Unplugged,Concert,2026-08-16,2026-08-10,35000,Card,No,Not Refunded,0,Ngozi Nwosu,+234 9022782253,
TCK-0271,Gbedu Comedy Nite,Comedy,2026-08-09,2026-08-02,8000,Card,No,Not Refunded,0,Segun Bello,+234 9160076021,
TCK-0162,Kelu Ade Unplugged,Concert,2026-08-16,2026-07-27,35000,USSD,No,Refunded,35000,Chiamaka Umeh,+234 7024275753,"Ticket did not scan at the gate, had to queue for manual verification"
TCK-0437,Naya B: Live in Lagos,Concert,2026-09-01,2026-08-10,45000,USSD,No,Not Refunded,0,Amaka Okonkwo,+234 9116996486,
TCK-0449,Naya B: Live in Lagos,Concert,2026-09-01,2026-08-21,45000,USSD,No,Not Refunded,0,Folake Ogundipe,+234 9065025571,
TCK-0242,Kelu Ade Unplugged,Concert,2026-08-16,2026-08-07,35000,USSD,No,Not Refunded,0,Amaka Eze,+234 8059106734,
TCK-0021,Lagos Laugh Fest,Comedy,2026-08-24,2026-08-06,10000,Card,No,Not Refunded,0,Funmilayo Okafor,+234 8037910936,
TCK-0077,Eko Street Food & Music Fest,Festival,2026-08-20,2026-08-19,12000,Transfer,No,Not Refunded,0,Ehis Afolabi,+234 7061921906,
TCK-0197,Eko Street Food & Music Fest,Festival,2026-08-20,2026-07-27,12000,Card,No,Not Refunded,0,Emeka Okonkwo,+234 9030261520,
TCK-0034,Kelu Ade Unplugged,Concert,2026-08-16,2026-08-11,35000,Card,No,Refunded,35000,Ehis Balogun,+234 9036146343,"Ticket did not scan at the gate, had to queue for manual verification"
TCK-0400,Naya B: Live in Lagos,Concert,2026-09-01,2026-08-27,45000,Transfer,No,Not Refunded,0,Tunde Adeyemi,+234 8034465903,
TCK-0250,AmaPiano Beach Festival,Festival,2026-08-29,2026-08-09,25000,Transfer,No,Not Refunded,0,Segun Ogundipe,+234 9060492695,
TCK-0479,Naya B: Live in Lagos,Concert,2026-09-01,2026-08-27,45000,Card,No,Not Refunded,0,Yetunde Afolabi,+234 9088353068,
TCK-0448,Gbedu Comedy Nite,Comedy,2026-08-09,2026-07-19,8000,Transfer,No,Not Refunded,0,Blessing Fashola,+234 9046049646,
TCK-0346,Kelu Ade Unplugged,Concert,2026-08-16,2026-08-03,35000,USSD,No,Not Refunded,0,Folake Nwosu,+234 9122276826,
TCK-0338,Naya B: Live in Lagos,Concert,2026-09-01,2026-08-22,45000,Transfer,No,Not Refunded,0,Kunle Okafor,+234 8121739440,
TCK-0247,Kelu Ade Unplugged,Concert,2026-08-16,2026-08-10,35000,Card,No,Not Refunded,0,Emeka Umeh,+234 8194517807,
TCK-0483,Naya B: Live in Lagos,Concert,2026-09-01,2026-08-25,45000,Card,No,Not Refunded,0,Emeka Adeyemi,+234 8119654019,
TCK-0047,Naya B: Live in Lagos,Concert,2026-09-01,2026-08-21,45000,Card,No,Not Refunded,0,Chiamaka Fashola,+234 9171561748,
TCK-0220,Eko Street Food & Music Fest,Festival,2026-08-20,2026-07-25,12000,USSD,No,Not Refunded,0,Funmilayo Bello,+234 9195442367,
TCK-0040,Naya B: Live in Lagos,Concert,2026-09-01,2026-08-28,45000,USSD,No,Not Refunded,0,Chiamaka Bello,+234 9053703122,
TCK-0489,Naya B: Live in Lagos,Concert,2026-09-01,2026-08-05,45000,Card,No,Not Refunded,0,Segun Ogundipe,+234 8053971825,
TCK-0087,Lagos Laugh Fest,Comedy,2026-08-24,2026-08-19,10000,USSD,No,Not Refunded,0,Kunle Adeyemi,+234 9127087436,
TCK-0373,AmaPiano Beach Festival,Festival,2026-08-29,2026-08-28,25000,Transfer,No,Not Refunded,0,Bolaji Umeh,+234 8195644451,
TCK-0066,Lagos Laugh Fest,Comedy,2026-08-24,2026-08-21,10000,USSD,No,Not Refunded,0,Folake Ogundipe,+234 7076329160,
TCK-0370,Naya B: Live in Lagos,Concert,2026-09-01,2026-08-17,45000,Transfer,No,Not Refunded,0,Chinedu Ibrahim,+234 8096584896,
TCK-0384,Lagos Laugh Fest,Comedy,2026-08-24,2026-08-14,10000,USSD,No,Not Refunded,0,Yetunde Igwe,+234 8150172958,
TCK-0050,Naya B: Live in Lagos,Concert,2026-09-01,2026-08-07,45000,Card,No,Not Refunded,0,Folake Nnamdi,+234 7064485395,
TCK-0265,Naya B: Live in Lagos,Concert,2026-09-01,2026-08-13,45000,Card,No,Not Refunded,0,Ehis Ogundipe,+234 8170175636,
TCK-0257,Eko Street Food & Music Fest,Festival,2026-08-20,2026-07-22,12000,USSD,No,Not Refunded,0,Ehis Okonkwo,+234 8138547258,
TCK-0249,Naya B: Live in Lagos,Concert,2026-09-01,2026-08-30,45000,USSD,No,Not Refunded,0,Funmilayo Fashola,+234 9112080452,
TCK-0290,Eko Street Food & Music Fest,Festival,2026-08-20,2026-08-12,12000,USSD,No,Not Refunded,0,Emeka Chukwu,+234 7084539188,
TCK-0103,Kelu Ade Unplugged,Concert,2026-08-16,2026-08-15,35000,Transfer,No,Not Refunded,0,Bolaji Adeyemi,+234 8036053704,
TCK-0466,Naya B: Live in Lagos,Concert,2026-09-01,2026-08-07,45000,Transfer,No,Not Refunded,0,Damilola Ibrahim,+234 7042027826,
TCK-0107,Naya B: Live in Lagos,Concert,2026-09-01,2026-08-05,45000,Card,No,Not Refunded,0,Segun Ibrahim,+234 7024630814,
TCK-0306,Gbedu Comedy Nite,Comedy,2026-08-09,2026-08-01,8000,USSD,No,Not Refunded,0,Blessing Umeh,+234 9083555307,
TCK-0132,Naya B: Live in Lagos,Concert,2026-09-01,2026-08-30,45000,Transfer,No,Not Refunded,0,Tunde Okonkwo,+234 7015131948,
TCK-0153,Lagos Laugh Fest,Comedy,2026-08-24,2026-08-15,10000,Card,No,Not Refunded,0,Funmilayo Ibrahim,+234 9029269947,
TCK-0322,Naya B: Live in Lagos,Concert,2026-09-01,2026-08-20,45000,USSD,No,Not Refunded,0,Blessing Balogun,+234 8166535904,
TCK-0358,Naya B: Live in Lagos,Concert,2026-09-01,2026-08-21,45000,Card,No,Not Refunded,0,Yetunde Bello,+234 9062832859,
TCK-0366,AmaPiano Beach Festival,Festival,2026-08-29,2026-08-11,25000,Transfer,No,Not Refunded,0,Ifeanyi Balogun,+234 9171898372,
TCK-0191,Naya B: Live in Lagos,Concert,2026-09-01,2026-08-25,45000,Transfer,No,Not Refunded,0,Blessing Eze,+234 9094657030,
TCK-0499,Naya B: Live in Lagos,Concert,2026-09-01,2026-08-30,45000,Card,No,Refunded,,Damilola Balogun,+234 9087576563,"Ticket did not scan at the gate, had to queue for manual verification"
TCK-0056,Kelu Ade Unplugged,Concert,2026-08-16,2026-08-10,35000,Transfer,No,Not Refunded,0,Chiamaka Ibrahim,+234 8012059721,
TCK-0269,Lagos Laugh Fest,Comedy,2026-08-24,2026-08-09,10000,USSD,No,Not Refunded,0,Chinedu Umeh,+234 7062351371,
TCK-0128,Naya B: Live in Lagos,Concert,2026-09-01,2026-08-24,45000,USSD,No,Not Refunded,0,Emeka Afolabi,+234 8023734825,
TCK-0401,Lagos Laugh Fest,Comedy,2026-08-24,2026-08-03,10000,USSD,No,Not Refunded,0,Kunle Eze,+234 9062803413,
TCK-0147,Gbedu Comedy Nite,Comedy,2026-08-09,2026-07-25,8000,USSD,No,Not Refunded,0,Chiamaka Okafor,+234 9175699792,
TCK-0289,Eko Street Food & Music Fest,Festival,2026-08-20,2026-08-04,12000,Transfer,No,Not Refunded,0,Ehis Balogun,+234 8042687091,
TCK-0065,AmaPiano Beach Festival,Festival,2026-08-29,2026-08-24,25000,Transfer,No,Not Refunded,0,Uzoma Okafor,+234 7050835013,
TCK-0217,AmaPiano Beach Festival,Festival,2026-08-29,2026-08-27,25000,Card,No,Not Refunded,0,Chinedu Balogun,+234 9156325277,
TCK-0447,Naya B: Live in Lagos,Concert,2026-09-01,2026-08-30,45000,Transfer,No,Not Refunded,0,Yetunde Ibrahim,+234 8053716317,
TCK-0394,Eko Street Food & Music Fest,Festival,2026-08-20,2026-07-23,12000,Transfer,No,Not Refunded,0,Chinedu Okafor,+234 7026471510,
TCK-0496,Naya B: Live in Lagos,Concert,2026-09-01,2026-08-31,45000,Transfer,No,Not Refunded,0,Folake Chukwu,+234 8033082782,
TCK-0114,AmaPiano Beach Festival,Festival,2026-08-29,2026-08-19,25000,Transfer,No,Not Refunded,0,Kunle Okonkwo,+234 7082682796,
TCK-0213,AmaPiano Beach Festival,Festival,2026-08-29,2026-08-24,25000,Transfer,No,Not Refunded,0,Damilola Afolabi,+234 7083587246,
TCK-0135,Naya B: Live in Lagos,Concert,2026-09-01,2026-08-19,45000,USSD,No,Not Refunded,0,Blessing Bello,+234 8163388071,
TCK-0245,Naya B: Live in Lagos,Concert,2026-09-01,2026-08-11,45000,USSD,No,Not Refunded,0,Aisha Ogundipe,+234 7051942343,
TCK-0302,Lagos Laugh Fest,Comedy,2026-08-24,2026-08-15,10000,Card,No,Not Refunded,0,Damilola Adeleke,+234 8048590663,
TCK-0222,Lagos Laugh Fest,Comedy,2026-08-24,2026-08-15,10000,Transfer,No,Not Refunded,0,Folake Igwe,+234 9084786531,
TCK-0145,Eko Street Food & Music Fest,Festival,2026-08-20,2026-07-24,12000,USSD,No,Refunded,12000,Emeka Ogundipe,+234 9171167514,"Wrong seating category printed on ticket, paid for VIP but got Regular"
TCK-0308,Naya B: Live in Lagos,Concert,2026-09-01,2026-08-14,45000,Transfer,No,Not Refunded,0,Uzoma Okafor,+234 7031782797,
TCK-0415,Eko Street Food & Music Fest,Festival,2026-08-20,2026-08-11,12000,Transfer,No,Not Refunded,0,Ifeanyi Ibrahim,+234 8112693149,
TCK-0019,Naya B: Live in Lagos,Concert,2026-09-01,2026-08-19,45000,Transfer,No,Not Refunded,0,Uzoma Adeyemi,+234 8119039243,
TCK-0092,Naya B: Live in Lagos,Concert,2026-09-01,2026-08-06,45000,USSD,No,Not Refunded,0,Chiamaka Nnamdi,+234 9065550512,
TCK-0024,AmaPiano Beach Festival,Festival,2026-08-29,2026-08-05,25000,Transfer,No,Not Refunded,0,Ifeanyi Okafor,+234 8180901507,
TCK-0311,Naya B: Live in Lagos,Concert,2026-09-01,2026-08-19,45000,Transfer,No,Not Refunded,0,Emeka Adeleke,+234 8165935477,
TCK-0451,Gbedu Comedy Nite,Comedy,2026-08-09,2026-08-06,8000,USSD,No,Not Refunded,0,Tunde Ogundipe,+234 9153536589,
TCK-0371,Kelu Ade Unplugged,Concert,2026-08-16,2026-08-02,35000,Transfer,No,Not Refunded,0,Blessing Fashola,+234 8058223824,
TCK-0275,Kelu Ade Unplugged,Concert,2026-08-16,2026-08-08,35000,Card,Yes,Refunded,35000,Chiamaka Ibrahim,+234 9149802408,"Charged twice for the same ticket, requesting refund of the duplicate charge"
TCK-0064,Naya B: Live in Lagos,Concert,2026-09-01,2026-08-23,45000,USSD,No,Not Refunded,0,Segun Okafor,+234 8045456120,
TCK-0477,Kelu Ade Unplugged,Concert,2026-08-16,2026-08-13,35000,Transfer,No,Not Refunded,0,Bolaji Ogundipe,+234 9166400943,
TCK-0286,Naya B: Live in Lagos,Concert,2026-09-01,2026-08-26,45000,USSD,No,Not Refunded,0,Yetunde Adeyemi,+234 8159816966,
TCK-0354,Naya B: Live in Lagos,Concert,2026-09-01,2026-08-12,45000,USSD,No,Not Refunded,0,Tunde Ogundipe,+234 8091675468,
TCK-0252,Naya B: Live in Lagos,Concert,2026-09-01,2026-08-26,45000,USSD,No,not refunded,0,Tunde Chukwu,+234 8186760223,
TCK-0461,Naya B: Live in Lagos,Concert,2026-09-01,2026-08-27,45000,Transfer,No,Not Refunded,0,Segun Umeh,+234 9155646723,
TCK-0149,Naya B: Live in Lagos,Concert,2026-09-01,2026-08-27,45000,Transfer,No,Not Refunded,0,Aisha Afolabi,+234 9178472683,
TCK-0390,AmaPiano Beach Festival,Festival,2026-08-29,2026-08-24,25000,USSD,No,Not Refunded,0,Emeka Nwosu,+234 9062608349,
TCK-0225,Gbedu Comedy Nite,Comedy,2026-08-09,2026-07-13,8000,Transfer,No,Not Refunded,0,Damilola Bello,+234 8195502184,
TCK-0438,Eko Street Food & Music Fest,Festival,2026-08-20,2026-08-13,12000,USSD,No,Not Refunded,0,Amaka Eze,+234 9028763469,
TCK-0453,AmaPiano Beach Festival,Festival,2026-08-29,2026-08-12,25000,Transfer,No,Not Refunded,0,Uzoma Adeleke,+234 9057674550,
TCK-0100,Naya B: Live in Lagos,Concert,2026-09-01,2026-08-11,45000,Transfer,No,Not Refunded,0,Emeka Nwosu,+234 8050312198,
TCK-0267,Eko Street Food & Music Fest,Festival,2026-08-20,2026-08-18,12000,USSD,No,Not Refunded,0,Tunde Ibrahim,+234 9196796813,
TCK-0319,Eko Street Food & Music Fest,Festival,2026-08-20,2026-07-22,12000,Card,No,Refunded,12000,Obiora Igwe,+234 7082000425,"Wrong seating category printed on ticket, paid for VIP but got Regular"
TCK-0327,Lagos Laugh Fest,Comedy,2026-08-24,2026-08-04,10000,Card,No,Not Refunded,0,Tunde Nnamdi,+234 8010372994,
TCK-0316,Naya B: Live in Lagos,Concert,2026-09-01,2026-08-19,45000,USSD,No,Not Refunded,0,Uzoma Fashola,+234 8077048440,
TCK-0168,Kelu Ade Unplugged,Concert,2026-08-16,2026-08-08,35000,Card,No,REFUNDED ,35000,Chiamaka Okonkwo,+234 8165455848,"Ticket did not scan at the gate, had to queue for manual verification"
TCK-0333,Naya B: Live in Lagos,Concert,2026-09-01,2026-08-26,45000,Card,No,NOT REFUNDED,0,Emeka Bello,+234 7035723203,
TCK-0025,Naya B: Live in Lagos,Concert,2026-09-01,2026-08-09,45000,USSD,Yes,Refunded,45000,Chiamaka Chukwu,+234 8045046288,"Charged twice for the same ticket, requesting refund of the duplicate charge"
TCK-0018,Lagos Laugh Fest,Comedy,2026-08-24,2026-08-13,10000,Card,No,Not Refunded,0,Ehis Adeyemi,+234 9085064182,
TCK-0063,Naya B: Live in Lagos,Concert,2026-09-01,2026-08-30,45000,Transfer,No,Not Refunded,0,Ifeanyi Okafor,+234 7061221056,
TCK-0068,Eko Street Food & Music Fest,Festival,2026-08-20,2026-07-26,12000,USSD,No,Not Refunded,0,Chiamaka Adeleke,+234 8014182295,
TCK-0357,Eko Street Food & Music Fest,Festival,2026-08-20,2026-08-16,12000,USSD,No,Not Refunded,0,Tunde Adeyemi,+234 8124923309,
TCK-0091,Naya B: Live in Lagos,Concert,2026-09-01,2026-08-25,45000,Card,No,Not Refunded,0,Chinedu Bello,+234 7042095026,
TCK-0377,Kelu Ade Unplugged,Concert,2026-08-16,2026-07-23,35000,Card,No,Not Refunded,0,Funmilayo Bello,+234 8140534435,
TCK-0205,Naya B: Live in Lagos,Concert,2026-09-01,2026-08-04,45000,Transfer,No,Not Refunded,0,Ifeanyi Fashola,+234 8062171561,
TCK-0011,Naya B: Live in Lagos,Concert,2026-09-01,2026-08-29,45000,Transfer,No,Not Refunded,0,Aisha Adeyemi,+234 7096856164,
TCK-0004,Kelu Ade Unplugged,Concert,2026-08-16,2026-07-28,35000,Transfer,No,Not Refunded,0,Ifeanyi Nwosu,+234 9186665755,
TCK-0234,Lagos Laugh Fest,Comedy,2026-08-24,2026-08-01,10000,USSD,No,Not Refunded,0,Aisha Okonkwo,+234 8099523516,
TCK-0459,Naya B: Live in Lagos,Concert,2026-09-01,2026-08-10,45000,USSD,No,Not Refunded,0,Amaka Bello,+234 7063089588,
TCK-0470,Kelu Ade Unplugged,Concert,2026-08-16,2026-08-01,35000,USSD,No,Not Refunded,0,Damilola Igwe,+234 8118736937,
TCK-0074,Lagos Laugh Fest,Comedy,2026-08-24,2026-08-21,10000,USSD,No,Not Refunded,0,Adaeze Chukwu,+234 9186203685,
TCK-0493,Naya B: Live in Lagos,Concert,2026-09-01,2026-08-07,45000,Transfer,No,Not Refunded,0,Aisha Okonkwo,+234 9047580807,
TCK-0369,Naya B: Live in Lagos,Concert,2026-09-01,2026-08-17,45000,Transfer,No,Not Refunded,0,Bolaji Eze,+234 9119639294,
TCK-0386,Gbedu Comedy Nite,Comedy,2026-08-09,2026-07-28,8000,USSD,No,Not Refunded,0,Damilola Umeh,+234 9142244246,
TCK-0465,Eko Street Food & Music Fest,Festival,2026-08-20,2026-08-10,12000,USSD,No,Not Refunded,0,Tunde Afolabi,+234 9059281317,
TCK-0071,AmaPiano Beach Festival,Festival,2026-08-29,2026-08-05,25000,USSD,No,Not Refunded,0,Aisha Bello,+234 9043848842,
TCK-0419,Kelu Ade Unplugged,Concert,2026-08-16,2026-07-18,35000,Card,No,Not Refunded,0,Chiamaka Okonkwo,+234 7053855660,
TCK-0106,Naya B: Live in Lagos,Concert,2026-09-01,2026-08-22,45000,USSD,No,Not Refunded,0,Aisha Okonkwo,+234 9036899085,
TCK-0144,Eko Street Food & Music Fest,Festival,2026-08-20,2026-08-14,12000,Transfer,No,Not Refunded,0,Folake Adeleke,+234 8115516218,
TCK-0274,AmaPiano Beach Festival,Festival,2026-08-29,2026-08-23,25000,USSD,No,Not Refunded,0,Folake Afolabi,+234 8145755171,
TCK-0138,Eko Street Food & Music Fest,Festival,2026-08-20,2026-08-06,12000,Card,No,Not Refunded,0,Aisha Ogundipe,+234 9158952845,
TCK-0212,Naya B: Live in Lagos,Concert,2026-09-01,2026-08-07,45000,Card,No,Not Refunded,0,Ngozi Igwe,+234 9140331435,
TCK-0314,Kelu Ade Unplugged,Concert,2026-08-16,2026-07-29,35000,USSD,No,Not Refunded,0,Uzoma Balogun,+234 9047488161,
TCK-0375,Lagos Laugh Fest,Comedy,2026-08-24,2026-08-12,10000,Transfer,No,Not Refunded,0,Folake Umeh,+234 7042129000,
TCK-0081,Kelu Ade Unplugged,Concert,2026-08-16,2026-07-23,35000,Card,No,Not Refunded,0,Uzoma Fashola,+234 8054469603,
TCK-0041,Lagos Laugh Fest,Comedy,2026-08-24,2026-08-07,10000,USSD,No,Not Refunded,0,Adaeze Afolabi,+234 9181576359,
TCK-0383,Kelu Ade Unplugged,Concert,2026-08-16,2026-07-29,35000,USSD,No,Not Refunded,0,Uzoma Bello,+234 8054498784,
TCK-0284,Naya B: Live in Lagos,Concert,2026-09-01,2026-08-08,45000,USSD,No,Not Refunded,0,Tunde Umeh,+234 7047816886,
TCK-0116,AmaPiano Beach Festival,Festival,2026-08-29,2026-08-04,25000,Transfer,No,Refunded,25000,Amaka Bello,+234 8044496097,"Ticket did not scan at the gate, had to queue for manual verification"
TCK-0258,Naya B: Live in Lagos,Concert,2026-09-01,2026-08-26,45000,USSD,No,Not Refunded,0,Obiora Umeh,+234 9079419739,
TCK-0053,Naya B: Live in Lagos,Concert,2026-09-01,2026-08-04,45000,Card,No,Refunded,45000,Amaka Okafor,+234 7084231009,"Ticket did not scan at the gate, had to queue for manual verification"
TCK-0029,Gbedu Comedy Nite,Comedy,2026-08-09,2026-07-28,8000,Transfer,No,Not Refunded,0,Yetunde Umeh,+234 8039589952,
TCK-0069,Naya B: Live in Lagos,Concert,2026-09-01,2026-08-11,45000,Transfer,No,Not Refunded,0,Uzoma Afolabi,+234 9116815618,
TCK-0121,AmaPiano Beach Festival,Festival,2026-08-29,2026-08-05,25000,Transfer,No, Not refunded,0,Folake Adeleke,+234 7052889111,
TCK-0189,Eko Street Food & Music Fest,Festival,2026-08-20,2026-08-12,12000,Transfer,No,Not Refunded,0,Aisha Igwe,+234 9124033524,
TCK-0082,Naya B: Live in Lagos,Concert,2026-09-01,2026-08-07,45000,Transfer,No,Not Refunded,0,Emeka Okonkwo,+234 8048900721,
TCK-0238,Kelu Ade Unplugged,Concert,2026-08-16,2026-07-20,35000,Card,No,Not Refunded,0,Damilola Ogundipe,+234 9019021960,
TCK-0469,Kelu Ade Unplugged,Concert,2026-08-16,2026-07-18,35000,USSD,No,Not Refunded,0,Chiamaka Nwosu,+234 9185630278,
TCK-0067,Naya B: Live in Lagos,Concert,2026-09-01,2026-08-08,45000,USSD,No,Not Refunded,0,Tunde Nnamdi,+234 9128697550,
TCK-0424,Kelu Ade Unplugged,Concert,2026-08-16,2026-07-20,35000,Card,No,Not Refunded,0,Yetunde Nnamdi,+234 7082297843,
TCK-0452,Gbedu Comedy Nite,Comedy,2026-08-09,2026-07-25,8000,USSD,No,Not Refunded,0,Amaka Okafor,+234 9096882907,
TCK-0104,Kelu Ade Unplugged,Concert,2026-08-16,2026-07-25,35000,USSD,No,Not Refunded,0,Adaeze Adeleke,+234 9059689823,
TCK-0427,Naya B: Live in Lagos,Concert,2026-09-01,2026-08-15,45000,Transfer,No,Not Refunded,0,Chiamaka Igwe,+234 8097961075,
TCK-0391,Kelu Ade Unplugged,Concert,2026-08-16,2026-08-09,35000,USSD,No,Not Refunded,0,Aisha Balogun,+234 7093051908,
TCK-0159,Naya B: Live in Lagos,Concert,2026-09-01,2026-08-08,45000,Card,No,Not Refunded,0,Ehis Ibrahim,+234 7095797050,
TCK-0464,AmaPiano Beach Festival,Festival,2026-08-29,2026-08-26,25000,USSD,No,Not Refunded,0,Aisha Okonkwo,+234 8166793648,
TCK-0365,Naya B: Live in Lagos,Concert,2026-09-01,2026-08-22,45000,Card,No,Not Refunded,0,Folake Adeleke,+234 7094476862,
TCK-0268,AmaPiano Beach Festival,Festival,2026-08-29,2026-08-13,25000,Card,No,Not Refunded,0,Chinedu Okafor,+234 8150103282,
TCK-0471,Kelu Ade Unplugged,Concert,2026-08-16,2026-07-31,35000,Card,No,Not Refunded,0,Chiamaka Adeleke,+234 8163912252,
TCK-0405,Naya B: Live in Lagos,Concert,2026-09-01,2026-08-17,45000,USSD,No,Refunded,45000,Folake Ibrahim,+234 9046686814,"Refund not received five days after the show, following up"
TCK-0178,Lagos Laugh Fest,Comedy,2026-08-24,2026-08-21,10000,USSD,No,Not Refunded,0,Folake Adeyemi,+234 8025018030,
TCK-0277,Naya B: Live in Lagos,Concert,2026-09-01,2026-08-15,45000,Card,No,not refunded,0,Ngozi Igwe,+234 7025997291,
TCK-0099,Naya B: Live in Lagos,Concert,2026-09-01,2026-08-27,45000,Card,No,Not Refunded,0,Tunde Chukwu,+234 8194083747,
TCK-0077,Eko Street Food & Music Fest,Festival,2026-08-20,2026-08-19,12000,Transfer,No,Not Refunded,0,Ehis Afolabi,+234 7061921906,
TCK-0488,Naya B: Live in Lagos,Concert,2026-09-01,2026-08-24,45000,USSD,No,Not Refunded,0,Blessing Balogun,+234 7044633502,
TCK-0014,Naya B: Live in Lagos,Concert,2026-09-01,2026-08-02,45000,Transfer,No,Not Refunded,0,Amaka Ogundipe,+234 9147290936,
TCK-0080,Naya B: Live in Lagos,Concert,2026-09-01,2026-08-03,45000,Transfer,No,Not Refunded,0,Ifeanyi Okafor,+234 9070500023,
TCK-0175,Eko Street Food & Music Fest,Festival,2026-08-20,2026-07-24,12000,USSD,No,Not Refunded,0,Ifeanyi Fashola,+234 8162171394,
TCK-0454,Gbedu Comedy Nite,Comedy,2026-08-09,2026-07-27,8000,USSD,No,Not Refunded,0,Chinedu Bello,+234 9199153121,
TCK-0134,Lagos Laugh Fest,Comedy,2026-08-24,2026-08-21,10000,Card,No,Refunded,10000,Blessing Igwe,+234 8064783656,"App crashed during checkout, unsure if payment went through"
TCK-0190,Lagos Laugh Fest,Comedy,2026-08-24,2026-08-12,10000,Card,No,Not Refunded,0,Uzoma Bello,+234 9096686222,
TCK-0495,Naya B: Live in Lagos,Concert,2026-09-01,2026-08-03,45000,Card,No,Not Refunded,0,Bolaji Adeyemi,+234 9190368682,
TCK-0210,Naya B: Live in Lagos,Concert,2026-09-01,2026-08-29,45000,Transfer,No,Not Refunded,0,Yetunde Ibrahim,+234 8040122122,
TCK-0492,Naya B: Live in Lagos,Concert,2026-09-01,2026-08-02,45000,Card,No,Not Refunded,0,Ehis Bello,+234 7075755396,
TCK-0392,Naya B: Live in Lagos,Concert,2026-09-01,2026-08-24,45000,Card,No,Not Refunded,0,Chiamaka Okonkwo,+234 9050255922,
TCK-0282,Gbedu Comedy Nite,Comedy,2026-08-09,2026-08-02,8000,USSD,No,Refunded,8000,Funmilayo Igwe,+234 7033530777,"Ticket did not scan at the gate, had to queue for manual verification"
TCK-0341,Lagos Laugh Fest,Comedy,2026-08-24,2026-08-11,10000,Card,No,Not Refunded,0,Yetunde Adeleke,+234 9014686323,
TCK-0089,Naya B: Live in Lagos,Concert,2026-09-01,2026-08-16,45000,USSD,No,Not Refunded,0,Emeka Eze,+234 8120089226,
TCK-0272,Eko Street Food & Music Fest,Festival,2026-08-20,2026-08-15,12000,Transfer,No,Not Refunded,0,Uzoma Okafor,+234 8070711220,
TCK-0204,AmaPiano Beach Festival,Festival,2026-08-29,2026-08-06,25000,USSD,No,Not Refunded,0,Adaeze Nnamdi,+234 9071095168,
TCK-0013,Naya B: Live in Lagos,Concert,2026-09-01,2026-08-12,45000,Card,No,Not Refunded,0,Ngozi Chukwu,+234 8143234300,
TCK-0216,Naya B: Live in Lagos,Concert,2026-09-01,2026-08-16,45000,Transfer,No,Not Refunded,0,Aisha Umeh,+234 8150690611,
TCK-0241,Naya B: Live in Lagos,Concert,2026-09-01,2026-08-10,45000,Card,No,Not Refunded,0,Aisha Okonkwo,+234 8027309857,
TCK-0042,AmaPiano Beach Festival,Festival,2026-08-29,2026-08-12,25000,Card,No,Not Refunded,0,Adaeze Okonkwo,+234 9028405872,
TCK-0083,Naya B: Live in Lagos,Concert,2026-09-01,2026-08-29,45000,Transfer,No,Not Refunded,0,Obiora Bello,+234 7067452267,
TCK-0285,AmaPiano Beach Festival,Festival,2026-08-29,2026-08-01,25000,Transfer,No,Not Refunded,0,Damilola Igwe,+234 8199319514,
TCK-0432,Naya B: Live in Lagos,Concert,2026-09-01,2026-08-03,45000,Card,No,Not Refunded,0,Chiamaka Bello,+234 9057068042,
TCK-0093,AmaPiano Beach Festival,Festival,2026-08-29,2026-08-22,25000,Transfer,No,Not Refunded,0,Tunde Igwe,+234 7087078659,
TCK-0411,Naya B: Live in Lagos,Concert,2026-09-01,2026-08-31,45000,USSD,No,Not Refunded,0,Amaka Ogundipe,+234 9150588808,
TCK-0127,Naya B: Live in Lagos,Concert,2026-09-01,2026-08-24,45000,Card,No,Not Refunded,0,Obiora Okonkwo,+234 7018697858,
TCK-0134,Lagos Laugh Fest,Comedy,2026-08-24,2026-08-21,10000,Card,No,Refunded,10000,Blessing Igwe,+234 8064783656,"App crashed during checkout, unsure if payment went through"
TCK-0296,AmaPiano Beach Festival,Festival,2026-08-29,2026-08-12,25000,Card,No,Not Refunded,0,Tunde Umeh,+234 7063781956,
TCK-0436,Eko Street Food & Music Fest,Festival,2026-08-20,2026-08-15,12000,Transfer,No,Not Refunded,0,Chinedu Okafor,+234 9043518579,
TCK-0207,Naya B: Live in Lagos,Concert,2026-09-01,2026-08-13,45000,Transfer,No,Not Refunded,0,Kunle Okafor,+234 7080019814,
TCK-0474,AmaPiano Beach Festival,Festival,2026-08-29,2026-08-22,25000,USSD,No,Not Refunded,0,Ngozi Fashola,+234 9017352222,
TCK-0167,AmaPiano Beach Festival,Festival,2026-08-29,2026-08-21,25000,Card,No,Not Refunded,0,Tunde Adeyemi,+234 9113385674,
TCK-0429,Lagos Laugh Fest,Comedy,2026-08-24,2026-08-20,10000,Card,No,Not Refunded,0,Ngozi Eze,+234 7091345913,
TCK-0141,Naya B: Live in Lagos,Concert,2026-09-01,2026-08-29,45000,Card,No,Not Refunded,0,Ngozi Chukwu,+234 8115838113,
TCK-0047,Naya B: Live in Lagos,Concert,2026-09-01,2026-08-21,45000,Card,No,Not Refunded,0,Chiamaka Fashola,+234 9171561748,
TCK-0007,Naya B: Live in Lagos,Concert,2026-09-01,2026-08-26,45000,USSD,No,Not Refunded,0,Aisha Chukwu,+234 9176453392,
TCK-0140,Eko Street Food & Music Fest,Festival,2026-08-20,2026-07-27,12000,USSD,No,Not Refunded,0,Yetunde Chukwu,+234 8179948760,
TCK-0388,Naya B: Live in Lagos,Concert,2026-09-01,2026-08-05,45000,Transfer,No,Not Refunded,0,Ngozi Ibrahim,+234 9040466110,
TCK-0331,AmaPiano Beach Festival,Festival,2026-08-29,2026-08-25,25000,Card,No,Not Refunded,0,Ifeanyi Igwe,+234 9092276037,
TCK-0312,Naya B: Live in Lagos,Concert,2026-09-01,2026-08-20,45000,Card,No,Not Refunded,0,Funmilayo Ibrahim,+234 9122757628,
TCK-0196,Gbedu Comedy Nite,Comedy,2026-08-09,2026-07-20,8000,USSD,No,Not Refunded,0,Segun Fashola,+234 8144720537,
TCK-0161,Naya B: Live in Lagos,Concert,2026-09-01,2026-08-12,45000,USSD,No,Not Refunded,0,Ehis Umeh,+234 8027719866,
TCK-0430,Naya B: Live in Lagos,Concert,2026-09-01,2026-08-27,45000,Card,No,Not Refunded,0,Ifeanyi Okafor,+234 7042559271,
TCK-0165,Naya B: Live in Lagos,Concert,2026-09-01,2026-08-27,45000,USSD,No,Not Refunded,0,Uzoma Ibrahim,+234 8017533716,
TCK-0254,Kelu Ade Unplugged,Concert,2026-08-16,2026-07-31,35000,Transfer,No,Not Refunded,0,Segun Chukwu,+234 9117725663,
TCK-0192,Naya B: Live in Lagos,Concert,2026-09-01,2026-08-17,45000,Card,No,Not Refunded,0,Funmilayo Adeyemi,+234 7088058491,
TCK-0426,Naya B: Live in Lagos,Concert,2026-09-01,2026-08-09,45000,Transfer,No,Not Refunded,0,Bolaji Afolabi,+234 9147347798,
TCK-0101,Kelu Ade Unplugged,Concert,2026-08-16,2026-07-28,35000,Card,No,Not Refunded,0,Segun Okafor,+234 8082138850,
TCK-0012,Lagos Laugh Fest,Comedy,2026-08-24,2026-08-02,10000,Transfer,No,Not Refunded,0,Uzoma Umeh,+234 8071967692,
TCK-0131,Kelu Ade Unplugged,Concert,2026-08-16,2026-08-10,35000,Transfer,No,Not Refunded,0,Chiamaka Nwosu,+234 9193208009,
TCK-0148,Kelu Ade Unplugged,Concert,2026-08-16,2026-08-01,35000,USSD,No,Not Refunded,0,Amaka Eze,+234 9063733040,
TCK-0236,Eko Street Food & Music Fest,Festival,2026-08-20,2026-07-30,12000,Card,No,Not Refunded,0,Folake Chukwu,+234 9144628537,
TCK-0151,Eko Street Food & Music Fest,Festival,2026-08-20,2026-07-30,12000,Card,No,Refunded,12000,Funmilayo Nwosu,+234 8127665398,"Ticket did not scan at the gate, had to queue for manual verification"
TCK-0049,Naya B: Live in Lagos,Concert,2026-09-01,2026-08-02,45000,Card,Yes,Refunded,45000,Emeka Bello,+234 7046496546,"Charged twice for the same ticket, requesting refund of the duplicate charge"
TCK-0037,Kelu Ade Unplugged,Concert,2026-08-16,2026-07-30,35000,USSD,No,Refunded,35000,Ifeanyi Okafor,+234 8133131984,"App crashed during checkout, unsure if payment went through"
TCK-0279,Naya B: Live in Lagos,Concert,2026-09-01,2026-08-18,45000,Card,No,Refunded,45000,Folake Okafor,+234 9078154745,"Wrong seating category printed on ticket, paid for VIP but got Regular"
TCK-0229,Kelu Ade Unplugged,Concert,2026-08-16,2026-07-29,35000,Card,No,Not Refunded,0,Bolaji Umeh,+234 9064187683,
TCK-0240,Naya B: Live in Lagos,Concert,2026-09-01,2026-08-11,45000,Transfer,No,Not Refunded,0,Folake Okafor,+234 9010642001,
TCK-0337,Naya B: Live in Lagos,Concert,2026-09-01,2026-08-03,45000,Transfer,No,Not Refunded,0,Aisha Adeleke,+234 9088493240,
TCK-0422,Naya B: Live in Lagos,Concert,2026-09-01,2026-08-17,45000,Card,No,Refunded,45000,Obiora Fashola,+234 8065718472,"Wrong seating category printed on ticket, paid for VIP but got Regular"
TCK-0414,Naya B: Live in Lagos,Concert,2026-09-01,2026-08-20,45000,Transfer,No,Not Refunded,0,Damilola Bello,+234 9052849985,
TCK-0313,AmaPiano Beach Festival,Festival,2026-08-29,2026-08-05,25000,Transfer,No,Not Refunded,0,Folake Nnamdi,+234 8010580331,
TCK-0170,Naya B: Live in Lagos,Concert,2026-09-01,2026-08-11,45000,Card,No,Not Refunded,0,Kunle Okafor,+234 9068605830,
TCK-0243,AmaPiano Beach Festival,Festival,2026-08-29,2026-08-06,25000,USSD,No,Not Refunded,0,Aisha Chukwu,+234 9176853417,
TCK-0339,Naya B: Live in Lagos,Concert,2026-09-01,2026-08-20,45000,Transfer,No,Not Refunded,0,Bolaji Ogundipe,+234 9158712488,
TCK-0332,Kelu Ade Unplugged,Concert,2026-08-16,2026-07-21,35000,Card,No,Not Refunded,0,Obiora Fashola,+234 8141979108,
TCK-0378,Naya B: Live in Lagos,Concert,2026-09-01,2026-08-17,45000,USSD,No,Not Refunded,0,Aisha Adeyemi,+234 9074344167,
TCK-0160,Eko Street Food & Music Fest,Festival,2026-08-20,2026-07-23,12000,USSD,No,Not Refunded,0,Chinedu Okafor,+234 8039747683,
TCK-0230,Naya B: Live in Lagos,Concert,2026-09-01,2026-08-23,45000,USSD,No,Not Refunded,0,Ngozi Igwe,+234 8054412145,
TCK-0194,Gbedu Comedy Nite,Comedy,2026-08-09,2026-07-31,8000,USSD,No,Not Refunded,0,Chinedu Afolabi,+234 8178142798,
TCK-0061,Naya B: Live in Lagos,Concert,2026-09-01,2026-08-05,45000,Transfer,No,Not Refunded,0,Bolaji Adeleke,+234 7016071673,
TCK-0030,Naya B: Live in Lagos,Concert,2026-09-01,2026-08-16,45000,Card,No,Not Refunded,0,Kunle Okafor,+234 9097641229,
TCK-0010,Lagos Laugh Fest,Comedy,2026-08-24,2026-07-26,10000,Transfer,No,Not Refunded,0,Yetunde Igwe,+234 9171230843,
TCK-0187,Kelu Ade Unplugged,Concert,2026-08-16,2026-08-06,35000,Card,No,Refunded,35000,Emeka Igwe,+234 8176381627,"App crashed during checkout, unsure if payment went through"
TCK-0472,Kelu Ade Unplugged,Concert,2026-08-16,2026-07-17,35000,USSD,No,Not Refunded,0,Chinedu Ogundipe,+234 9025853690,
TCK-0480,Naya B: Live in Lagos,Concert,2026-09-01,2026-08-02,45000,Transfer,No,NOT REFUNDED,0,Blessing Adeyemi,+234 7011142177,
TCK-0031,Naya B: Live in Lagos,Concert,2026-09-01,2026-08-11,45000,Card,No,Not Refunded,0,Emeka Ogundipe,+234 8174160468,
TCK-0329,Gbedu Comedy Nite,Comedy,2026-08-09,2026-08-02,8000,Card,No,Not Refunded,0,Blessing Ibrahim,+234 9179032999,
TCK-0344,Naya B: Live in Lagos,Concert,2026-09-01,2026-08-08,45000,Transfer,No,Not Refunded,0,Obiora Okonkwo,+234 7073881448,
TCK-0413,Gbedu Comedy Nite,Comedy,2026-08-09,2026-07-29,8000,Card,No,Not Refunded,0,Obiora Bello,+234 9133990534,
TCK-0152,Eko Street Food & Music Fest,Festival,2026-08-20,2026-08-04,12000,Transfer,No,Not Refunded,0,Ifeanyi Adeleke,+234 8057096651,
TCK-0137,Eko Street Food & Music Fest,Festival,2026-08-20,2026-08-06,12000,Transfer,No,Refunded,12000,Ngozi Ogundipe,+234 9037335744,"Wrong seating category printed on ticket, paid for VIP but got Regular"
TCK-0228,Naya B: Live in Lagos,Concert,2026-09-01,2026-08-16,45000,USSD,No,Not Refunded,0,Ngozi Chukwu,+234 9055896468,
TCK-0425,Gbedu Comedy Nite,Comedy,2026-08-09,2026-07-12,8000,USSD,No,Not Refunded,0,Funmilayo Fashola,+234 8193037305,
TCK-0281,Eko Street Food & Music Fest,Festival,2026-08-20,2026-08-13,12000,Transfer,No,Not Refunded,0,Folake Eze,+234 9140926485,
TCK-0039,Kelu Ade Unplugged,Concert,2026-08-16,2026-07-31,35000,Card,No,Not Refunded,0,Tunde Adeleke,+234 8147167180,
TCK-0214,Lagos Laugh Fest,Comedy,2026-08-24,2026-07-30,10000,Transfer,No,Not Refunded,0,Segun Ibrahim,+234 9044030791,
TCK-0372,Eko Street Food & Music Fest,Festival,2026-08-20,2026-07-30,12000,Transfer,No,Not Refunded,0,Adaeze Adeleke,+234 8028609618,
TCK-0393,Naya B: Live in Lagos,Concert,2026-09-01,2026-08-27,45000,Transfer,No,Not Refunded,0,Aisha Okonkwo,+234 9125396245,
TCK-0412,Eko Street Food & Music Fest,Festival,2026-08-20,2026-08-01,12000,Card,No,Not Refunded,0,Bolaji Ibrahim,+234 9183990267,
TCK-0264,AmaPiano Beach Festival,Festival,2026-08-29,2026-08-14,25000,Transfer,No,Not Refunded,0,Aisha Ogundipe,+234 8022073841,
TCK-0052,AmaPiano Beach Festival,Festival,2026-08-29,2026-08-23,25000,Transfer,No,Not Refunded,0,Adaeze Okafor,+234 8044970682,
TCK-0181,Naya B: Live in Lagos,Concert,2026-09-01,2026-08-05,45000,USSD,No,Not Refunded,0,Aisha Ogundipe,+234 8043095058,
TCK-0129,Naya B: Live in Lagos,Concert,2026-09-01,2026-08-03,45000,Card,No,Not Refunded,0,Yetunde Adeyemi,+234 7041258326,
TCK-0233,AmaPiano Beach Festival,Festival,2026-08-29,2026-08-13,25000,USSD,No,Not Refunded,0,Tunde Ogundipe,+234 9129736937,
TCK-0440,Naya B: Live in Lagos,Concert,2026-09-01,2026-08-08,45000,Transfer,No,Not Refunded,0,Ifeanyi Afolabi,+234 9022110652,
TCK-0054,Kelu Ade Unplugged,Concert,2026-08-16,2026-07-17,35000,Transfer,No,Not Refunded,0,Tunde Adeleke,+234 8031669330,
TCK-0458,Naya B: Live in Lagos,Concert,2026-09-01,2026-08-05,45000,Transfer,No,Not Refunded,0,Folake Ibrahim,+234 9023797978,
TCK-0001,Naya B: Live in Lagos,Concert,2026-09-01,2026-08-15,45000,Card,No,Refunded,45000,Damilola Bello,+234 8122175294,"App crashed during checkout, unsure if payment went through"
TCK-0005,Lagos Laugh Fest,Comedy,2026-08-24,2026-08-12,10000,Card,No,Not Refunded,0,Aisha Adeyemi,+234 9137643310,
TCK-0417,Naya B: Live in Lagos,Concert,2026-09-01,2026-08-24,45000,USSD,No,Refunded,45000,Funmilayo Adeyemi,+234 8019857586,"Refund not received five days after the show, following up"
TCK-0003,Naya B: Live in Lagos,Concert,2026-09-01,2026-08-24,45000,Card,No,Not Refunded,0,Folake Chukwu,+234 9029361589,
TCK-0398,Kelu Ade Unplugged,Concert,2026-08-16,2026-08-13,35000,Transfer,No,Not Refunded,0,Blessing Chukwu,+234 9029359775,
TCK-0097,Eko Street Food & Music Fest,Festival,2026-08-20,2026-08-23,12000,USSD,No,Not Refunded,0,Amaka Adeleke,+234 8040037983,
TCK-0260,Lagos Laugh Fest,Comedy,2026-08-24,2026-07-29,10000,Card,No,Not Refunded,0,Funmilayo Okafor,+234 7047654525,
TCK-0164,Lagos Laugh Fest,Comedy,2026-08-24,2026-08-08,10000,Card,No,Not Refunded,0,Segun Balogun,+234 9022858685,
TCK-0256,Kelu Ade Unplugged,Concert,2026-08-16,2026-07-29,35000,Transfer,No,Not Refunded,0,Segun Ogundipe,+234 9179932752,
TCK-0158,Naya B: Live in Lagos,Concert,2026-09-01,2026-08-20,45000,USSD,No,Not Refunded,0,Chinedu Bello,+234 9040876426,
TCK-0325,Eko Street Food & Music Fest,Festival,2026-08-20,2026-07-28,12000,Transfer,No,Not Refunded,0,Ehis Nnamdi,+234 8180337753,
TCK-0180,Naya B: Live in Lagos,Concert,2026-09-01,2026-08-11,45000,USSD,No,Refunded,45000,Tunde Bello,+234 9158775543,"Ticket did not scan at the gate, had to queue for manual verification"
TCK-0115,Eko Street Food & Music Fest,Festival,2026-08-20,2026-08-13,12000,Transfer,No,Not Refunded,0,Kunle Okafor,+234 9043287747,
TCK-0435,Lagos Laugh Fest,Comedy,2026-08-24,2026-08-14,10000,Transfer,No,Not Refunded,0,Obiora Eze,+234 9045873201,
TCK-0186,Lagos Laugh Fest,Comedy,2026-08-24,2026-08-01,10000,Card,No,Not Refunded,0,Bolaji Eze,+234 9010174356,
TCK-0434,Naya B: Live in Lagos,Concert,2026-09-01,2026-08-09,45000,Transfer,No,Not Refunded,0,Yetunde Okonkwo,+234 7067124375,
TCK-0171,AmaPiano Beach Festival,Festival,2026-08-29,2026-08-14,25000,Card,No,Not Refunded,0,Amaka Eze,+234 8124130669,
TCK-0323,Kelu Ade Unplugged,Concert,2026-08-16,2026-08-01,35000,USSD,No,Not Refunded,0,Obiora Fashola,+234 9122380616,
TCK-0200,Naya B: Live in Lagos,Concert,2026-09-01,2026-08-06,45000,Transfer,No,Not Refunded,0,Ehis Chukwu,+234 9012968533,
TCK-0095,Naya B: Live in Lagos,Concert,2026-09-01,2026-08-11,45000,Transfer,No,Not Refunded,0,Bolaji Okafor,+234 8114327648,
TCK-0193,Naya B: Live in Lagos,Concert,2026-09-01,2026-08-27,45000,Transfer,No,Not Refunded,0,Chinedu Eze,+234 9068894474,
TCK-0463,Naya B: Live in Lagos,Concert,2026-09-01,2026-08-09,45000,USSD,No,Not Refunded,0,Chinedu Ibrahim,+234 8145621920,
TCK-0462,AmaPiano Beach Festival,Festival,2026-08-29,2026-08-20,25000,Card,No,Not Refunded,0,Chiamaka Ibrahim,+234 8089267836,
TCK-0246,Gbedu Comedy Nite,Comedy,2026-08-09,2026-08-03,8000,Transfer,No, Not refunded,0,Chinedu Umeh,+234 9168884504,
TCK-0124,Eko Street Food & Music Fest,Festival,2026-08-20,2026-08-11,12000,USSD,No,Not Refunded,0,Emeka Nnamdi,+234 9069990372,
TCK-0276,Naya B: Live in Lagos,Concert,2026-09-01,2026-08-26,45000,Transfer,No,Not Refunded,0,Chinedu Afolabi,+234 9025323392,
TCK-0444,Eko Street Food & Music Fest,Festival,2026-08-20,2026-08-03,12000,Transfer,No,Refunded,12000,Blessing Balogun,+234 9177206680,"Refund not received five days after the show, following up"
TCK-0227,Kelu Ade Unplugged,Concert,2026-08-16,2026-07-18,35000,Card,No,Refunded,35000,Folake Fashola,+234 8098452642,"App crashed during checkout, unsure if payment went through"
TCK-0096,Kelu Ade Unplugged,Concert,2026-08-16,2026-07-22,35000,Transfer,No,Not Refunded,0,Kunle Okafor,+234 8062549071,
TCK-0139,Kelu Ade Unplugged,Concert,2026-08-16,2026-08-10,35000,Card,No,Refunded,35000,Uzoma Bello,+234 9193509544,"Refund not received five days after the show, following up"
TCK-0442,Naya B: Live in Lagos,Concert,2026-09-01,2026-08-11,45000,USSD,No,Refunded,45000,Ehis Adeleke,+234 9167780231,"Refund not received five days after the show, following up"
TCK-0330,Eko Street Food & Music Fest,Festival,2026-08-20,2026-08-01,12000,Card,No,Not Refunded,0,Emeka Balogun,+234 8179581669,
TCK-0486,Naya B: Live in Lagos,Concert,2026-09-01,2026-08-29,45000,Card,Yes,Refunded,,Damilola Adeleke,+234 7069378784,"Charged twice for the same ticket, requesting refund of the duplicate charge"
TCK-0443,Gbedu Comedy Nite,Comedy,2026-08-09,2026-07-16,8000,Card,No,Refunded,8000,Aisha Nwosu,+234 8075411691,"Wrong seating category printed on ticket, paid for VIP but got Regular"
TCK-0318,Lagos Laugh Fest,Comedy,2026-08-24,2026-08-21,10000,Transfer,No,Not Refunded,0,Funmilayo Adeleke,+234 7037421960,
TCK-0387,Lagos Laugh Fest,Comedy,2026-08-24,2026-08-11,10000,Transfer,No,Not Refunded,0,Ifeanyi Okonkwo,+234 9125068865,
TCK-0490,Naya B: Live in Lagos,Concert,2026-09-01,2026-08-11,45000,Transfer,No,Not Refunded,0,Blessing Bello,+234 8172337810,
TCK-0182,Naya B: Live in Lagos,Concert,2026-09-01,2026-08-28,45000,Card,No,Refunded,,Bolaji Igwe,+234 8027804483,"Ticket did not scan at the gate, had to queue for manual verification"
TCK-0043,Kelu Ade Unplugged,Concert,2026-08-16,2026-08-03,35000,Transfer,No,Not Refunded,0,Segun Nnamdi,+234 8038546741,
TCK-0110,Naya B: Live in Lagos,Concert,2026-09-01,2026-09-03,45000,USSD,No,Refunded,,Amaka Fashola,+234 8020651678,"App crashed during checkout, unsure if payment went through"
TCK-0280,Naya B: Live in Lagos,Concert,2026-09-01,2026-08-27,45000,Transfer,No,Refunded,,Ifeanyi Umeh,+234 9015442247,"Wrong seating category printed on ticket, paid for VIP but got Regular"
TCK-0172,Naya B: Live in Lagos,Concert,2026-09-01,2026-08-11,45000,Card,No,Not Refunded,0,Adaeze Adeyemi,+234 7095344481,
TCK-0075,Naya B: Live in Lagos,Concert,2026-09-01,2026-08-16,45000,Card,No,Not Refunded,0,Emeka Okonkwo,+234 9049038095,
TCK-0367,AmaPiano Beach Festival,Festival,2026-08-29,2026-08-16,25000,Card,No,Not Refunded,0,Bolaji Okafor,+234 7075311510,
TCK-0342,Naya B: Live in Lagos,Concert,2026-09-01,2026-08-31,45000,Transfer,No,Not Refunded,0,Segun Balogun,+234 8036346437,
TCK-0347,Kelu Ade Unplugged,Concert,2026-08-16,2026-08-07,35000,USSD,No,Not Refunded,0,Uzoma Okafor,+234 9129470941,
TCK-0441,Kelu Ade Unplugged,Concert,2026-08-16,2026-07-26,35000,USSD,No,Not Refunded,0,Chinedu Adeyemi,+234 9141489012,
TCK-0215,Eko Street Food & Music Fest,Festival,2026-08-20,2026-07-29,12000,Card,No,Not Refunded,0,Adaeze Umeh,+234 8197832447,
TCK-0244,Kelu Ade Unplugged,Concert,2026-08-16,2026-07-17,35000,Transfer,No,Not Refunded,0,Tunde Adeyemi,+234 8018127013,
TCK-0487,Gbedu Comedy Nite,Comedy,2026-08-09,2026-08-04,8000,Card,No,Not Refunded,0,Folake Adeyemi,+234 8169903042,
TCK-0009,Naya B: Live in Lagos,Concert,2026-09-01,2026-08-21,45000,Card,No,Not Refunded,0,Damilola Adeyemi,+234 8084903659,
TCK-0310,Naya B: Live in Lagos,Concert,2026-09-01,2026-08-07,45000,Card,No,Not Refunded,0,Aisha Umeh,+234 9098277452,
TCK-0448,Gbedu Comedy Nite,Comedy,2026-08-09,2026-07-19,8000,Transfer,No,Not Refunded,0,Blessing Fashola,+234 9046049646,
TCK-0379,Naya B: Live in Lagos,Concert,2026-09-01,2026-08-08,45000,Transfer,No,Refunded,45000,Folake Chukwu,+234 8098801815,"App crashed during checkout, unsure if payment went through"
TCK-0003,Naya B: Live in Lagos,Concert,2026-09-01,2026-08-24,45000,Card,No,Not Refunded,0,Folake Chukwu,+234 9029361589,
TCK-0157,Kelu Ade Unplugged,Concert,2026-08-16,2026-07-24,35000,Card,No, Not refunded,0,Blessing Ogundipe,+234 7045534696,
TCK-0219,Lagos Laugh Fest,Comedy,2026-08-24,2026-07-27,10000,Card,No,Not Refunded,0,Amaka Umeh,+234 8137989887,
TCK-0476,Naya B: Live in Lagos,Concert,2026-09-01,2026-08-21,45000,Card,No,Not Refunded,0,Chiamaka Eze,+234 9146865233,
TCK-0359,Eko Street Food & Music Fest,Festival,2026-08-20,2026-07-31,12000,Card,No,Not Refunded,0,Aisha Umeh,+234 9069399013,
TCK-0174,Eko Street Food & Music Fest,Festival,2026-08-20,2026-07-22,12000,Card,No,Not Refunded,0,Ehis Okafor,+234 8144946088,
TCK-0460,Naya B: Live in Lagos,Concert,2026-09-01,2026-08-17,45000,USSD,No,Not Refunded,0,Kunle Eze,+234 9130116623,
TCK-0335,AmaPiano Beach Festival,Festival,2026-08-29,2026-08-27,25000,Transfer,No,Refunded,,Segun Adeleke,+234 8031394586,"Refund not received five days after the show, following up"
TCK-0117,Naya B: Live in Lagos,Concert,2026-09-01,2026-08-29,45000,USSD,No,Not Refunded,0,Adaeze Fashola,+234 9115849955,
TCK-0498,AmaPiano Beach Festival,Festival,2026-08-29,2026-08-05,25000,USSD,No,Not Refunded,0,Blessing Nwosu,+234 8189939507,
TCK-0208,Naya B: Live in Lagos,Concert,2026-09-01,2026-08-08,45000,Transfer,No,Not Refunded,0,Ifeanyi Ogundipe,+234 9126427528,
TCK-0195,Naya B: Live in Lagos,Concert,2026-09-01,2026-08-22,45000,USSD,No,Not Refunded,0,Funmilayo Balogun,+234 8143229763,
TCK-0455,Naya B: Live in Lagos,Concert,2026-09-01,2026-08-12,45000,Transfer,No,Not Refunded,0,Kunle Umeh,+234 9189120158,
TCK-0350,Gbedu Comedy Nite,Comedy,2026-08-09,2026-08-06,8000,Card,No,Not Refunded,0,Uzoma Chukwu,+234 7064140498,
TCK-0408,AmaPiano Beach Festival,Festival,2026-08-29,2026-08-21,25000,Card,No,Not Refunded,0,Bolaji Fashola,+234 7078304346,
TCK-0203,Naya B: Live in Lagos,Concert,2026-09-01,2026-08-18,45000,Transfer,Yes,Refunded,45000,Adaeze Nwosu,+234 9042533856,"Charged twice for the same ticket, requesting refund of the duplicate charge"
TCK-0481,Kelu Ade Unplugged,Concert,2026-08-16,2026-08-02,35000,USSD,No,Not Refunded,0,Tunde Ibrahim,+234 8168936004,
TCK-0201,Naya B: Live in Lagos,Concert,2026-09-01,2026-08-12,45000,USSD,No,Not Refunded,0,Segun Nnamdi,+234 9188843095,
TCK-0407,Eko Street Food & Music Fest,Festival,2026-08-20,2026-08-16,12000,Card,No,Not Refunded,0,Obiora Nwosu,+234 7047793505,
TCK-0351,AmaPiano Beach Festival,Festival,2026-08-29,2026-08-14,25000,USSD,No,Not Refunded,0,Folake Ibrahim,+234 8113969364,
TCK-0295,Lagos Laugh Fest,Comedy,2026-08-24,2026-07-31,10000,Transfer,No,Not Refunded,0,Chiamaka Ogundipe,+234 9090133382,
TCK-0475,Lagos Laugh Fest,Comedy,2026-08-24,2026-07-31,10000,Transfer,No,Not Refunded,0,Folake Nnamdi,+234 8094089630,
TCK-0122,Kelu Ade Unplugged,Concert,2026-08-16,2026-07-21,35000,USSD,No,Refunded,35000,Uzoma Eze,+234 8164728187,"Refund not received five days after the show, following up"
TCK-0288,Gbedu Comedy Nite,Comedy,2026-08-09,2026-07-13,8000,Transfer,No,Not Refunded,0,Uzoma Adeyemi,+234 7024453712,
TCK-0235,Lagos Laugh Fest,Comedy,2026-08-24,2026-08-03,10000,Card,No,Not Refunded,0,Ifeanyi Adeyemi,+234 9023503073,
TCK-0301,Naya B: Live in Lagos,Concert,2026-09-01,2026-08-03,45000,Card,No,Refunded,45000,Funmilayo Ibrahim,+234 9114802129,"Wrong seating category printed on ticket, paid for VIP but got Regular"
TCK-0433,Naya B: Live in Lagos,Concert,2026-09-01,2026-08-13,45000,Transfer,No,Not Refunded,0,Uzoma Adeleke,+234 8043813307,
TCK-0123,Naya B: Live in Lagos,Concert,2026-09-01,2026-08-30,45000,Transfer,No,Not Refunded,0,Chinedu Eze,+234 9024122579,
TCK-0119,Eko Street Food & Music Fest,Festival,2026-08-20,2026-07-30,12000,Card,No,Refunded,12000,Emeka Igwe,+234 9061877136,"Refund not received five days after the show, following up"
TCK-0130,Naya B: Live in Lagos,Concert,2026-09-01,2026-08-25,45000,USSD,No,Not Refunded,0,Obiora Okonkwo,+234 8059960799,
TCK-0423,Lagos Laugh Fest,Comedy,2026-08-24,2026-07-31,10000,Transfer,No,Not Refunded,0,Chiamaka Balogun,+234 8129147238,
TCK-0060,AmaPiano Beach Festival,Festival,2026-08-29,2026-08-28,25000,Card,No,Not Refunded,0,Adaeze Nnamdi,+234 8117435808,
TCK-0324,Naya B: Live in Lagos,Concert,2026-09-01,2026-08-21,45000,Transfer,No,Not Refunded,0,Bolaji Eze,+234 8098036878,
TCK-0336,Eko Street Food & Music Fest,Festival,2026-08-20,2026-07-23,12000,Card,No,Not Refunded,0,Amaka Chukwu,+234 9090873231,
TCK-0273,Eko Street Food & Music Fest,Festival,2026-08-20,2026-08-09,12000,Card,No,Not Refunded,0,Yetunde Balogun,+234 7039749479,
TCK-0450,AmaPiano Beach Festival,Festival,2026-08-29,2026-07-31,25000,USSD,No,Refunded,25000,Funmilayo Ogundipe,+234 8136631571,"Wrong seating category printed on ticket, paid for VIP but got Regular"
TCK-0154,Naya B: Live in Lagos,Concert,2026-09-01,2026-08-02,45000,Transfer,No,Not Refunded,0,Adaeze Adeleke,+234 7059964824,
TCK-0473,Naya B: Live in Lagos,Concert,2026-09-01,2026-08-04,45000,Card,No,Not Refunded,0,Chiamaka Nwosu,+234 9021844747,
TCK-0328,Naya B: Live in Lagos,Concert,2026-09-01,2026-08-09,45000,USSD,No,Refunded,45000,Uzoma Nwosu,+234 9112072464,"Wrong seating category printed on ticket, paid for VIP but got Regular"
TCK-0198,Eko Street Food & Music Fest,Festival,2026-08-20,2026-07-25,12000,Transfer,No,Not Refunded,0,Damilola Ibrahim,+234 8124667188,
TCK-0223,Naya B: Live in Lagos,Concert,2026-09-01,2026-08-17,45000,Card,No,Not Refunded,0,Segun Igwe,+234 8182416196,
TCK-0085,Eko Street Food & Music Fest,Festival,2026-08-20,2026-08-06,12000,USSD,No,Not Refunded,0,Yetunde Nnamdi,+234 8094677401,
TCK-0303,Naya B: Live in Lagos,Concert,2026-09-01,2026-08-20,45000,USSD,No,Not Refunded,0,Tunde Ibrahim,+234 8072601467,
TCK-0349,Gbedu Comedy Nite,Comedy,2026-08-09,2026-08-05,8000,Card,No,Not Refunded,0,Yetunde Chukwu,+234 8118846423,
TCK-0239,Naya B: Live in Lagos,Concert,2026-09-01,2026-08-19,45000,USSD,No,Not Refunded,0,Folake Igwe,+234 9083659398,
TCK-0494,AmaPiano Beach Festival,Festival,2026-08-29,2026-08-09,25000,USSD,No,Not Refunded,0,Aisha Okonkwo,+234 8173143493,
TCK-0429,Lagos Laugh Fest,Comedy,2026-08-24,2026-08-20,10000,Card,No,Not Refunded,0,Ngozi Eze,+234 7091345913,
TCK-0484,AmaPiano Beach Festival,Festival,2026-08-29,2026-08-13,25000,Card,No,Refunded,25000,Kunle Adeleke,+234 7038323497,"Refund not received five days after the show, following up"
TCK-0356,AmaPiano Beach Festival,Festival,2026-08-29,2026-08-10,25000,Transfer,No,Not Refunded,0,Adaeze Nnamdi,+234 9156847237,
TCK-0133,Lagos Laugh Fest,Comedy,2026-08-24,2026-08-03,10000,Card,No,Not Refunded,0,Chinedu Nnamdi,+234 7034849754,
TCK-0070,Lagos Laugh Fest,Comedy,2026-08-24,2026-08-03,10000,USSD,No,Not Refunded,0,Kunle Ibrahim,+234 8071330592,
TCK-0457,AmaPiano Beach Festival,Festival,2026-08-29,2026-08-21,25000,USSD,No,Not Refunded,0,Amaka Eze,+234 8053213146,
TCK-0382,Gbedu Comedy Nite,Comedy,2026-08-09,2026-07-21,8000,Card,No,Not Refunded,0,Blessing Fashola,+234 9171803906,
TCK-0345,Kelu Ade Unplugged,Concert,2026-08-16,2026-08-08,35000,Transfer,No,Not Refunded,0,Adaeze Afolabi,+234 9159391552,
TCK-0253,Naya B: Live in Lagos,Concert,2026-09-01,2026-08-04,45000,USSD,No,Not Refunded,0,Kunle Umeh,+234 9121417037,
TCK-0084,AmaPiano Beach Festival,Festival,2026-08-29,2026-08-01,25000,Card,No,Not Refunded,0,Tunde Chukwu,+234 8143463796,
TCK-0299,Lagos Laugh Fest,Comedy,2026-08-24,2026-08-12,10000,Card,Yes,Refunded,10000,Ehis Eze,+234 8053533553,"Charged twice for the same ticket, requesting refund of the duplicate charge"
TCK-0179,Naya B: Live in Lagos,Concert,2026-09-01,2026-08-02,45000,Card,No,Not Refunded,0,Folake Okafor,+234 8015590093,
TCK-0368,Naya B: Live in Lagos,Concert,2026-09-01,2026-08-30,45000,Transfer,No,Not Refunded,0,Emeka Chukwu,+234 9025165038,
TCK-0334,Kelu Ade Unplugged,Concert,2026-08-16,2026-08-03,35000,Card,Yes,Refunded,35000,Tunde Adeleke,+234 9088203585,"Charged twice for the same ticket, requesting refund of the duplicate charge"
TCK-0048,Kelu Ade Unplugged,Concert,2026-08-16,2026-08-15,35000,Transfer,No,Not Refunded,0,Funmilayo Chukwu,+234 9118628964,
TCK-0446,AmaPiano Beach Festival,Festival,2026-08-29,2026-08-20,25000,USSD,No,Not Refunded,0,Adaeze Ibrahim,+234 8015797224,
TCK-0445,Eko Street Food & Music Fest,Festival,2026-08-20,2026-08-03,12000,Transfer,No,Not Refunded,0,Aisha Umeh,+234 8140059409,
TCK-0188,Lagos Laugh Fest,Comedy,2026-08-24,2026-07-28,10000,USSD,Yes,Refunded,10000,Adaeze Eze,+234 7038818470,"Charged twice for the same ticket, requesting refund of the duplicate charge"
TCK-0026,Kelu Ade Unplugged,Concert,2026-08-16,2026-07-17,35000,Card,No,Not Refunded,0,Segun Fashola,+234 8192306098,
TCK-0321,Naya B: Live in Lagos,Concert,2026-09-01,2026-08-12,45000,USSD,No,Not Refunded,0,Chiamaka Bello,+234 9140772333,
TCK-0428,AmaPiano Beach Festival,Festival,2026-08-29,2026-08-17,25000,Card,No,Not Refunded,0,Segun Ogundipe,+234 8013751552,
TCK-0033,Gbedu Comedy Nite,Comedy,2026-08-09,2026-08-03,8000,Card,No,Refunded,8000,Folake Igwe,+234 7030926211,"App crashed during checkout, unsure if payment went through"
TCK-0326,Naya B: Live in Lagos,Concert,2026-09-01,2026-08-15,45000,Card,No,Not Refunded,0,Ngozi Nnamdi,+234 8118075868,
TCK-0309,AmaPiano Beach Festival,Festival,2026-08-29,2026-08-21,25000,Transfer,No,Not Refunded,0,Kunle Ibrahim,+234 7039009957,
TCK-0497,Naya B: Live in Lagos,Concert,2026-09-01,2026-08-17,45000,Transfer,No,Not Refunded,0,Yetunde Eze,+234 8050028061,
TCK-0036,Naya B: Live in Lagos,Concert,2026-09-01,2026-08-18,45000,Card,No,Refunded,45000,Amaka Nnamdi,+234 9127550747,"Wrong seating category printed on ticket, paid for VIP but got Regular"
TCK-0169,Naya B: Live in Lagos,Concert,2026-09-01,2026-08-12,45000,USSD,No,Not Refunded,0,Damilola Eze,+234 9151524615,
TCK-0399,Lagos Laugh Fest,Comedy,2026-08-24,2026-08-15,10000,USSD,No,Not Refunded,0,Adaeze Afolabi,+234 8013322980,
TCK-0270,Naya B: Live in Lagos,Concert,2026-09-01,2026-08-16,45000,Transfer,No,Not Refunded,0,Segun Balogun,+234 8072800234,
TCK-0255,Gbedu Comedy Nite,Comedy,2026-08-09,2026-07-25,8000,USSD,No,Not Refunded,0,Adaeze Okafor,+234 9071702232,
TCK-0020,Eko Street Food & Music Fest,Festival,2026-08-20,2026-08-05,12000,Card,No,Not Refunded,0,Funmilayo Adeyemi,+234 8010031310,
TCK-0246,Gbedu Comedy Nite,Comedy,2026-08-09,2026-08-03,8000,Transfer,No,Not Refunded,0,Chinedu Umeh,+234 9168884504,
TCK-0432,Naya B: Live in Lagos,Concert,2026-09-01,2026-08-03,45000,Card,No,Not Refunded,0,Chiamaka Bello,+234 9057068042,
TCK-0002,Lagos Laugh Fest,Comedy,2026-08-24,2026-08-22,10000,USSD,No,Not Refunded,0,Segun Adeyemi,+234 9188590039,
TCK-0035,AmaPiano Beach Festival,Festival,2026-08-29,2026-08-22,25000,Card,No,Not Refunded,0,Bolaji Adeleke,+234 9153753544,
TCK-0363,Naya B: Live in Lagos,Concert,2026-09-01,2026-08-18,45000,Card,No,Not Refunded,0,Bolaji Balogun,+234 8175289308,
TCK-0170,Naya B: Live in Lagos,Concert,2026-09-01,2026-08-11,45000,Card,No,Not Refunded,0,Kunle Okafor,+234 9068605830,
TCK-0352,Naya B: Live in Lagos,Concert,2026-09-01,2026-08-06,45000,USSD,No,Not Refunded,0,Damilola Okafor,+234 9043342501,
TCK-0113,Naya B: Live in Lagos,Concert,2026-09-01,2026-08-29,45000,Transfer,No,Not Refunded,0,Emeka Okonkwo,+234 9057865963,
TCK-0102,Naya B: Live in Lagos,Concert,2026-09-01,2026-08-17,45000,Transfer,No,Not Refunded,0,Segun Igwe,+234 9141510040,
TCK-0105,Naya B: Live in Lagos,Concert,2026-09-01,2026-08-30,45000,USSD,No,Not Refunded,0,Damilola Umeh,+234 9036585799,
TCK-0072,AmaPiano Beach Festival,Festival,2026-08-29,2026-08-01,25000,Transfer,No,Not Refunded,0,Ngozi Adeleke,+234 9076296682,
TCK-0395,Naya B: Live in Lagos,Concert,2026-09-01,2026-08-15,45000,USSD,No,Not Refunded,0,Yetunde Igwe,+234 8091039940,
TCK-0177,Gbedu Comedy Nite,Comedy,2026-08-09,2026-07-12,8000,Card,No,Not Refunded,0,Segun Chukwu,+234 8162554703,
TCK-0409,AmaPiano Beach Festival,Festival,2026-08-29,2026-08-21,25000,Transfer,No,Not Refunded,0,Uzoma Fashola,+234 8055260408,
TCK-0078,Naya B: Live in Lagos,Concert,2026-09-01,2026-08-02,45000,Card,Yes,Refunded,45000,Aisha Bello,+234 8180338909,"Charged twice for the same ticket, requesting refund of the duplicate charge"
TCK-0086,Kelu Ade Unplugged,Concert,2026-08-16,2026-07-18,35000,USSD,No,Not Refunded,0,Aisha Adeyemi,+234 9070513461,
TCK-0348,Naya B: Live in Lagos,Concert,2026-09-01,2026-08-19,45000,USSD,No,Not Refunded,0,Ifeanyi Adeleke,+234 7035275134,
TCK-0262,Kelu Ade Unplugged,Concert,2026-08-16,2026-08-01,35000,USSD,No,Not Refunded,0,Folake Ibrahim,+234 8055478761,
TCK-0376,Naya B: Live in Lagos,Concert,2026-09-01,2026-08-28,45000,USSD,No,Not Refunded,0,Uzoma Adeyemi,+234 8176354538,
TCK-0076,Gbedu Comedy Nite,Comedy,2026-08-09,2026-07-30,8000,Transfer,No,Not Refunded,0,Emeka Okonkwo,+234 7021523163,
TCK-0468,Naya B: Live in Lagos,Concert,2026-09-01,2026-08-04,45000,Card,No,Refunded,45000,Uzoma Ogundipe,+234 9165661726,"App crashed during checkout, unsure if payment went through"
TCK-0404,Kelu Ade Unplugged,Concert,2026-08-16,2026-07-17,35000,Transfer,No,Not Refunded,0,Chinedu Igwe,+234 7040416023,
TCK-0046,Eko Street Food & Music Fest,Festival,2026-08-20,2026-07-24,12000,Card,No,Not Refunded,0,Damilola Ogundipe,+234 7066542771,
TCK-0017,AmaPiano Beach Festival,Festival,2026-08-29,2026-08-23,25000,Transfer,No,Not Refunded,0,Folake Nnamdi,+234 9159560375,
TCK-0209,Gbedu Comedy Nite,Comedy,2026-08-09,2026-07-20,8000,Transfer,No,Not Refunded,0,Adaeze Ibrahim,+234 9063644702,
TCK-0403,Lagos Laugh Fest,Comedy,2026-08-24,2026-08-22,10000,Card,No,Not Refunded,0,Yetunde Afolabi,+234 7087449326,
TCK-0211,Naya B: Live in Lagos,Concert,2026-09-01,2026-08-19,45000,USSD,No,Not Refunded,0,Uzoma Afolabi,+234 8132083292,
TCK-0163,Kelu Ade Unplugged,Concert,2026-08-16,2026-07-29,35000,Card,No,Not Refunded,0,Bolaji Balogun,+234 8159155166,
TCK-0006,Kelu Ade Unplugged,Concert,2026-08-16,2026-07-29,35000,Transfer,No,Not Refunded,0,Amaka Afolabi,+234 7050234045,
TCK-0094,Eko Street Food & Music Fest,Festival,2026-08-20,2026-08-15,12000,USSD,No,Not Refunded,0,Ngozi Bello,+234 7043346884,
TCK-0304,Lagos Laugh Fest,Comedy,2026-08-24,2026-07-25,10000,Card,No,Not Refunded,0,Ehis Balogun,+234 7064565416,
TCK-0237,AmaPiano Beach Festival,Festival,2026-08-29,2026-08-23,25000,Transfer,No,Refunded,25000,Damilola Adeyemi,+234 9086169551,"Ticket did not scan at the gate, had to queue for manual verification"
TCK-0389,Lagos Laugh Fest,Comedy,2026-08-24,2026-08-16,10000,USSD,No,Not Refunded,0,Emeka Bello,+234 9019861394,
TCK-0416,Naya B: Live in Lagos,Concert,2026-09-01,2026-08-19,45000,Transfer,No,Not Refunded,0,Funmilayo Chukwu,+234 9196985698,
TCK-0482,Naya B: Live in Lagos,Concert,2026-09-01,2026-08-09,45000,Card,No,Not Refunded,0,Obiora Afolabi,+234 9069710897,
TCK-0176,Naya B: Live in Lagos,Concert,2026-09-01,2026-08-24,45000,Transfer,No,Not Refunded,0,Blessing Igwe,+234 9081218380,
TCK-0156,AmaPiano Beach Festival,Festival,2026-08-29,2026-08-20,25000,Card,No,Not Refunded,0,Tunde Umeh,+234 9084515014,
TCK-0418,AmaPiano Beach Festival,Festival,2026-08-29,2026-07-31,25000,USSD,No,Not Refunded,0,Folake Okafor,+234 8146323698,
TCK-0090,Naya B: Live in Lagos,Concert,2026-09-01,2026-08-03,45000,Transfer,No,Not Refunded,0,Amaka Fashola,+234 9067367747,
TCK-0355,Naya B: Live in Lagos,Concert,2026-09-01,2026-08-25,45000,Transfer,No,Not Refunded,0,Tunde Chukwu,+234 8185772598,
TCK-0396,Naya B: Live in Lagos,Concert,2026-09-01,2026-08-20,45000,USSD,No,Not Refunded,0,Funmilayo Nwosu,+234 8042541055,
TCK-0317,Naya B: Live in Lagos,Concert,2026-09-01,2026-08-22,45000,Card,No,Not Refunded,0,Folake Nnamdi,+234 9160599957,
TCK-0111,Eko Street Food & Music Fest,Festival,2026-08-20,2026-08-09,12000,Card,No,Not Refunded,0,Ehis Afolabi,+234 8051852730,
TCK-0022,Lagos Laugh Fest,Comedy,2026-08-24,2026-08-19,10000,USSD,No,Not Refunded,0,Yetunde Umeh,+234 9026487605,
TCK-0051,Naya B: Live in Lagos,Concert,2026-09-01,2026-08-02,45000,USSD,No,Not Refunded,0,Chinedu Bello,+234 7017721077,
TCK-0173,Lagos Laugh Fest,Comedy,2026-08-24,2026-08-10,10000,USSD,No,Not Refunded,0,Ehis Ibrahim,+234 7096168208,
TCK-0307,Naya B: Live in Lagos,Concert,2026-09-01,2026-08-16,45000,Transfer,No,Not Refunded,0,Chiamaka Adeleke,+234 7039740044,
TCK-0038,Naya B: Live in Lagos,Concert,2026-09-01,2026-08-12,45000,USSD,Yes,Refunded,45000,Emeka Adeyemi,+234 7079571586,"Charged twice for the same ticket, requesting refund of the duplicate charge"
TCK-0126,Naya B: Live in Lagos,Concert,2026-09-01,2026-08-23,45000,Transfer,No,Not Refunded,0,Adaeze Okonkwo,+234 9043209375,
TCK-0421,AmaPiano Beach Festival,Festival,2026-08-29,2026-08-03,25000,Card,Yes,Refunded,25000,Aisha Fashola,+234 9090241650,"Charged twice for the same ticket, requesting refund of the duplicate charge"
TCK-0032,Eko Street Food & Music Fest,Festival,2026-08-20,2026-08-06,12000,USSD,No,Not Refunded,0,Uzoma Afolabi,+234 9021397668,
TCK-0420,AmaPiano Beach Festival,Festival,2026-08-29,2026-08-28,25000,USSD,No,Not Refunded,0,Funmilayo Fashola,+234 8117710547,
TCK-0364,Gbedu Comedy Nite,Comedy,2026-08-09,2026-08-01,8000,USSD,No,Not Refunded,0,Ehis Afolabi,+234 8196021426,
TCK-0263,Naya B: Live in Lagos,Concert,2026-09-01,2026-08-26,45000,Transfer,No,Not Refunded,0,Tunde Adeyemi,+234 9159611341,
TCK-0402,Naya B: Live in Lagos,Concert,2026-09-01,2026-08-12,45000,USSD,No,Refunded,45000,Ehis Okonkwo,+234 7027571911,"Wrong seating category printed on ticket, paid for VIP but got Regular"
TCK-0397,Naya B: Live in Lagos,Concert,2026-09-01,2026-08-25,45000,USSD,No,Not Refunded,0,Obiora Afolabi,+234 8012812759,
TCK-0305,Lagos Laugh Fest,Comedy,2026-08-24,2026-08-15,10000,Card,No,Not Refunded,0,Blessing Chukwu,+234 9091866452,
TCK-0125,Naya B: Live in Lagos,Concert,2026-09-01,2026-08-27,45000,Transfer,No,Not Refunded,0,Segun Nwosu,+234 7049430772,
TCK-0120,AmaPiano Beach Festival,Festival,2026-08-29,2026-07-30,25000,Transfer,No,Not Refunded,0,Folake Igwe,+234 8111168389,
TCK-0112,Gbedu Comedy Nite,Comedy,2026-08-09,2026-07-27,8000,Transfer,No,Not Refunded,0,Amaka Eze,+234 8010385302,
TCK-0297,Naya B: Live in Lagos,Concert,2026-09-01,2026-08-21,45000,USSD,No,Not Refunded,0,Obiora Fashola,+234 9085306979,
TCK-0340,Naya B: Live in Lagos,Concert,2026-09-01,2026-08-14,45000,Transfer,No,Not Refunded,0,Aisha Nwosu,+234 9057143648,
TCK-0044,Gbedu Comedy Nite,Comedy,2026-08-09,2026-07-14,8000,Card,No,Not Refunded,0,Folake Umeh,+234 8143971558,
TCK-0062,Kelu Ade Unplugged,Concert,2026-08-16,2026-08-10,35000,Transfer,No,Not Refunded,0,Adaeze Umeh,+234 7083426945,
TCK-0456,Kelu Ade Unplugged,Concert,2026-08-16,2026-08-08,35000,Card,No,Refunded,35000,Ehis Okonkwo,+234 9132700628,"Wrong seating category printed on ticket, paid for VIP but got Regular"
TCK-0292,Lagos Laugh Fest,Comedy,2026-08-24,2026-08-09,10000,USSD,No,Not Refunded,0,Amaka Nwosu,+234 7022603887,
TCK-0150,Gbedu Comedy Nite,Comedy,2026-08-09,2026-08-07,8000,USSD,No,Not Refunded,0,Chinedu Bello,+234 8077635542,
TCK-0057,Naya B: Live in Lagos,Concert,2026-09-01,2026-08-15,45000,USSD,No,Not Refunded,0,Ehis Igwe,+234 8170002780,
TCK-0266,AmaPiano Beach Festival,Festival,2026-08-29,2026-08-17,25000,Card,No,Not Refunded,0,Segun Eze,+234 8044341241,
TCK-0320,AmaPiano Beach Festival,Festival,2026-08-29,2026-08-11,25000,USSD,No,Not Refunded,0,Ehis Nnamdi,+234 9072310372,
TCK-0202,AmaPiano Beach Festival,Festival,2026-08-29,2026-08-15,25000,Card,No,Not Refunded,0,Obiora Adeleke,+234 8196105883,
TCK-0218,Lagos Laugh Fest,Comedy,2026-08-24,2026-08-23,10000,USSD,No,Refunded,10000,Bolaji Ibrahim,+234 9123624701,"Ticket did not scan at the gate, had to queue for manual verification"
TCK-0016,Eko Street Food & Music Fest,Festival,2026-08-20,2026-08-15,12000,Card,No,Not Refunded,0,Segun Adeleke,+234 8075090595,
TCK-0136,Gbedu Comedy Nite,Comedy,2026-08-09,2026-07-26,8000,Transfer,No,Not Refunded,0,Damilola Adeyemi,+234 7086037035,
TCK-0431,Kelu Ade Unplugged,Concert,2026-08-16,2026-07-19,35000,Transfer,No,Not Refunded,0,Yetunde Ogundipe,+234 9038466577,
TCK-0079,Naya B: Live in Lagos,Concert,2026-09-01,2026-08-20,45000,Card,No,Not Refunded,0,Ehis Ibrahim,+234 8059014774,
TCK-0088,Naya B: Live in Lagos,Concert,2026-09-01,2026-08-18,45000,Transfer,No,Not Refunded,0,Adaeze Ibrahim,+234 9098046202,
TCK-0385,AmaPiano Beach Festival,Festival,2026-08-29,2026-08-12,25000,USSD,No,Refunded,25000,Segun Afolabi,+234 8029719007,"Refund not received five days after the show, following up"
TCK-0045,Eko Street Food & Music Fest,Festival,2026-08-20,2026-08-05,12000,Card,No,Not Refunded,0,Emeka Ogundipe,+234 9031849997,
TCK-0118,Naya B: Live in Lagos,Concert,2026-09-01,2026-08-09,45000,USSD,No,Not Refunded,0,Adaeze Chukwu,+234 8089935804,
TCK-0381,Eko Street Food & Music Fest,Festival,2026-08-20,2026-08-14,12000,USSD,No,Not Refunded,0,Bolaji Okafor,+234 9085614698,
TCK-0353,Eko Street Food & Music Fest,Festival,2026-08-20,2026-08-07,12000,Transfer,No,Not Refunded,0,Emeka Eze,+234 7025466138,
TCK-0108,Eko Street Food & Music Fest,Festival,2026-08-20,2026-08-04,12000,USSD,No,Not Refunded,0,Segun Igwe,+234 9099294283,
TCK-0293,Gbedu Comedy Nite,Comedy,2026-08-09,2026-08-07,8000,Transfer,No,Not Refunded,0,Kunle Ibrahim,+234 8026379580,
TCK-0360,Eko Street Food & Music Fest,Festival,2026-08-20,2026-07-28,12000,USSD,No,Not Refunded,0,Amaka Adeyemi,+234 8167492216,
TCK-0331,AmaPiano Beach Festival,Festival,2026-08-29,2026-08-25,25000,Card,No,Not Refunded,0,Ifeanyi Igwe,+234 9092276037,
TCK-0406,Naya B: Live in Lagos,Concert,2026-09-01,2026-08-23,45000,Transfer,No,Not Refunded,0,Ehis Balogun,+234 8085246274,
TCK-0251,Lagos Laugh Fest,Comedy,2026-08-24,2026-07-26,10000,Card,No,Not Refunded,0,Bolaji Okafor,+234 7045305242,
TCK-0028,Kelu Ade Unplugged,Concert,2026-08-16,2026-07-23,35000,Card,No,Not Refunded,0,Adaeze Igwe,+234 7035990584,
TCK-0483,Naya B: Live in Lagos,Concert,2026-09-01,2026-08-25,45000,Card,No,Not Refunded,0,Emeka Adeyemi,+234 8119654019,
TCK-0055,Naya B: Live in Lagos,Concert,2026-09-01,2026-08-26,45000,Card,No,Not Refunded,0,Bolaji Okonkwo,+234 7069819079,
TCK-0008,AmaPiano Beach Festival,Festival,2026-08-29,2026-08-05,25000,Transfer,No,Not Refunded,0,Aisha Nwosu,+234 9166119495,
TCK-0098,Naya B: Live in Lagos,Concert,2026-09-01,2026-08-15,45000,USSD,No,Not Refunded,0,Amaka Bello,+234 9115307809,
